store_nbr,family,pattern,sarima_rmsle,lgb_rmsle,xgb_rmsle,n_train_days,n_val_days,model_order
1,BABY CARE,many_zeros,0.0,0.02159279936904912,0.032992161034517006,1669,15,"SARIMA(1, 1, 1)x(1, 1, 1, 7)"
19,LAWN AND GARDEN,high_volatility,0.0071,0.04418779611564205,0.04350194656312264,1669,15,"SARIMA(1, 1, 1)x(1, 1, 1, 7)"
44,GROCERY I,high_stable,0.1951,0.14650435581699014,0.1653881790095196,1669,15,"SARIMA(1, 1, 1)x(1, 1, 1, 7)"
52,MEATS,seasonality,0.3098,0.12433151438746769,0.17024055905569238,1669,15,"SARIMA(1, 1, 1)x(1, 1, 1, 7)"
19,BEAUTY,low_sales,0.3556,0.31347826448965643,0.316398679265947,1669,15,"SARIMA(1, 1, 1)x(1, 1, 1, 7)"
