{"learning_rate": 0.03452197544347247, "num_leaves": 209, "min_child_samples": 199, "subsample": 0.9044243675990947, "colsample_bytree": 0.6878203016641873, "reg_alpha": 0.0010446251525877439, "reg_lambda": 0.0037601083080145018}