{"learning_rate": 0.05661765609380996, "max_depth": 10, "min_child_weight": 62, "subsample": 0.891754215404674, "colsample_bytree": 0.7928782229160452, "reg_alpha": 0.06528187294151135, "reg_lambda": 0.05430278926785755}