{"learning_rate": 0.017132031209992876, "max_depth": 10, "min_child_weight": 39, "subsample": 0.9080475052677883, "colsample_bytree": 0.621431912248718, "reg_alpha": 0.03151288246210389, "reg_lambda": 0.063959927516093}